{
    "rmse": 0.7359625303509074,
    "mae": 0.5918441742487481,
    "r2": 0.17117675639737218
}