{
    "rmse": 0.8042790094759992,
    "mae": 0.6649282547853999,
    "r2": 0.01016231789820099
}